{
    "recall": 0.9917495753457899,
    "accuracy": 0.683814608104829,
    "time": 1350.8419115543365
}