{
    "recall": 0.9946614899296288,
    "accuracy": 0.6840572676534822,
    "time": 1537.4063827991486
}