{
    "recall": 0.9956321281242417,
    "accuracy": 0.6833292890075224,
    "time": 1654.195079088211
}